{
  "Linear Regression": {
    "MAE": 914.5421714653337,
    "RMSE": 1120.556979496215,
    "R2": 0.8935045902869068
  },
  "Ridge Regression": {
    "MAE": 917.6750850334329,
    "RMSE": 1124.0080611362237,
    "R2": 0.8928476128924597
  },
  "Random Forest": {
    "MAE": 660.7889958779156,
    "RMSE": 883.7437051797401,
    "R2": 0.9337607104909165
  },
  "Gradient Boosting": {
    "MAE": 608.3016778866362,
    "RMSE": 809.8284322752972,
    "R2": 0.9443776876624052
  }
}